path	source_url
common/chat-peg-parser.cpp	https://github.com/ggml-org/llama.cpp/blob/dd7cad7197f991b18ded6aca46ff095972b95318/common/chat-peg-parser.cpp
common/chat-peg-parser.h	https://github.com/ggml-org/llama.cpp/blob/dd7cad7197f991b18ded6aca46ff095972b95318/common/chat-peg-parser.h
common/chat.cpp	https://github.com/ggml-org/llama.cpp/blob/dd7cad7197f991b18ded6aca46ff095972b95318/common/chat.cpp
common/chat.h	https://github.com/ggml-org/llama.cpp/blob/dd7cad7197f991b18ded6aca46ff095972b95318/common/chat.h
conversion/gemma.py	https://github.com/ggml-org/llama.cpp/blob/dd7cad7197f991b18ded6aca46ff095972b95318/conversion/gemma.py
docs/development/HOWTO-add-model.md	https://github.com/ggml-org/llama.cpp/blob/dd7cad7197f991b18ded6aca46ff095972b95318/docs/development/HOWTO-add-model.md
docs/multimodal.md	https://github.com/ggml-org/llama.cpp/blob/dd7cad7197f991b18ded6aca46ff095972b95318/docs/multimodal.md
ggml/src/ggml-blas/ggml-blas.cpp	https://github.com/ggml-org/llama.cpp/blob/dd7cad7197f991b18ded6aca46ff095972b95318/ggml/src/ggml-blas/ggml-blas.cpp
ggml/src/ggml-cpu/amx/mmq.cpp	https://github.com/ggml-org/llama.cpp/blob/dd7cad7197f991b18ded6aca46ff095972b95318/ggml/src/ggml-cpu/amx/mmq.cpp
ggml/src/ggml-cpu/amx/mmq.h	https://github.com/ggml-org/llama.cpp/blob/dd7cad7197f991b18ded6aca46ff095972b95318/ggml/src/ggml-cpu/amx/mmq.h
ggml/src/ggml-cpu/ggml-cpu.c	https://github.com/ggml-org/llama.cpp/blob/dd7cad7197f991b18ded6aca46ff095972b95318/ggml/src/ggml-cpu/ggml-cpu.c
ggml/src/ggml-cpu/llamafile/sgemm.cpp	https://github.com/ggml-org/llama.cpp/blob/dd7cad7197f991b18ded6aca46ff095972b95318/ggml/src/ggml-cpu/llamafile/sgemm.cpp
ggml/src/ggml-cpu/llamafile/sgemm.h	https://github.com/ggml-org/llama.cpp/blob/dd7cad7197f991b18ded6aca46ff095972b95318/ggml/src/ggml-cpu/llamafile/sgemm.h
ggml/src/ggml-cpu/quants.c	https://github.com/ggml-org/llama.cpp/blob/dd7cad7197f991b18ded6aca46ff095972b95318/ggml/src/ggml-cpu/quants.c
ggml/src/ggml-cpu/repack.cpp	https://github.com/ggml-org/llama.cpp/blob/dd7cad7197f991b18ded6aca46ff095972b95318/ggml/src/ggml-cpu/repack.cpp
ggml/src/ggml-cpu/simd-gemm.h	https://github.com/ggml-org/llama.cpp/blob/dd7cad7197f991b18ded6aca46ff095972b95318/ggml/src/ggml-cpu/simd-gemm.h
ggml/src/ggml-cpu/traits.cpp	https://github.com/ggml-org/llama.cpp/blob/dd7cad7197f991b18ded6aca46ff095972b95318/ggml/src/ggml-cpu/traits.cpp
ggml/src/ggml-cpu/vec.cpp	https://github.com/ggml-org/llama.cpp/blob/dd7cad7197f991b18ded6aca46ff095972b95318/ggml/src/ggml-cpu/vec.cpp
ggml/src/ggml-cuda/CMakeLists.txt	https://github.com/ggml-org/llama.cpp/blob/dd7cad7197f991b18ded6aca46ff095972b95318/ggml/src/ggml-cuda/CMakeLists.txt
ggml/src/ggml-cuda/common.cuh	https://github.com/ggml-org/llama.cpp/blob/dd7cad7197f991b18ded6aca46ff095972b95318/ggml/src/ggml-cuda/common.cuh
ggml/src/ggml-cuda/convert.cu	https://github.com/ggml-org/llama.cpp/blob/dd7cad7197f991b18ded6aca46ff095972b95318/ggml/src/ggml-cuda/convert.cu
ggml/src/ggml-cuda/convert.cuh	https://github.com/ggml-org/llama.cpp/blob/dd7cad7197f991b18ded6aca46ff095972b95318/ggml/src/ggml-cuda/convert.cuh
ggml/src/ggml-cuda/cpy-utils.cuh	https://github.com/ggml-org/llama.cpp/blob/dd7cad7197f991b18ded6aca46ff095972b95318/ggml/src/ggml-cuda/cpy-utils.cuh
ggml/src/ggml-cuda/dequantize.cuh	https://github.com/ggml-org/llama.cpp/blob/dd7cad7197f991b18ded6aca46ff095972b95318/ggml/src/ggml-cuda/dequantize.cuh
ggml/src/ggml-cuda/getrows.cu	https://github.com/ggml-org/llama.cpp/blob/dd7cad7197f991b18ded6aca46ff095972b95318/ggml/src/ggml-cuda/getrows.cu
ggml/src/ggml-cuda/getrows.cuh	https://github.com/ggml-org/llama.cpp/blob/dd7cad7197f991b18ded6aca46ff095972b95318/ggml/src/ggml-cuda/getrows.cuh
ggml/src/ggml-cuda/ggml-cuda.cu	https://github.com/ggml-org/llama.cpp/blob/dd7cad7197f991b18ded6aca46ff095972b95318/ggml/src/ggml-cuda/ggml-cuda.cu
ggml/src/ggml-cuda/mma.cuh	https://github.com/ggml-org/llama.cpp/blob/dd7cad7197f991b18ded6aca46ff095972b95318/ggml/src/ggml-cuda/mma.cuh
ggml/src/ggml-cuda/mmf.cu	https://github.com/ggml-org/llama.cpp/blob/dd7cad7197f991b18ded6aca46ff095972b95318/ggml/src/ggml-cuda/mmf.cu
ggml/src/ggml-cuda/mmf.cuh	https://github.com/ggml-org/llama.cpp/blob/dd7cad7197f991b18ded6aca46ff095972b95318/ggml/src/ggml-cuda/mmf.cuh
ggml/src/ggml-cuda/mmid.cu	https://github.com/ggml-org/llama.cpp/blob/dd7cad7197f991b18ded6aca46ff095972b95318/ggml/src/ggml-cuda/mmid.cu
ggml/src/ggml-cuda/mmid.cuh	https://github.com/ggml-org/llama.cpp/blob/dd7cad7197f991b18ded6aca46ff095972b95318/ggml/src/ggml-cuda/mmid.cuh
ggml/src/ggml-cuda/mmq.cu	https://github.com/ggml-org/llama.cpp/blob/dd7cad7197f991b18ded6aca46ff095972b95318/ggml/src/ggml-cuda/mmq.cu
ggml/src/ggml-cuda/mmq.cuh	https://github.com/ggml-org/llama.cpp/blob/dd7cad7197f991b18ded6aca46ff095972b95318/ggml/src/ggml-cuda/mmq.cuh
ggml/src/ggml-cuda/mmvf.cu	https://github.com/ggml-org/llama.cpp/blob/dd7cad7197f991b18ded6aca46ff095972b95318/ggml/src/ggml-cuda/mmvf.cu
ggml/src/ggml-cuda/mmvf.cuh	https://github.com/ggml-org/llama.cpp/blob/dd7cad7197f991b18ded6aca46ff095972b95318/ggml/src/ggml-cuda/mmvf.cuh
ggml/src/ggml-cuda/mmvq.cu	https://github.com/ggml-org/llama.cpp/blob/dd7cad7197f991b18ded6aca46ff095972b95318/ggml/src/ggml-cuda/mmvq.cu
ggml/src/ggml-cuda/mmvq.cuh	https://github.com/ggml-org/llama.cpp/blob/dd7cad7197f991b18ded6aca46ff095972b95318/ggml/src/ggml-cuda/mmvq.cuh
ggml/src/ggml-cuda/norm.cu	https://github.com/ggml-org/llama.cpp/blob/dd7cad7197f991b18ded6aca46ff095972b95318/ggml/src/ggml-cuda/norm.cu
ggml/src/ggml-cuda/norm.cuh	https://github.com/ggml-org/llama.cpp/blob/dd7cad7197f991b18ded6aca46ff095972b95318/ggml/src/ggml-cuda/norm.cuh
ggml/src/ggml-cuda/quantize.cu	https://github.com/ggml-org/llama.cpp/blob/dd7cad7197f991b18ded6aca46ff095972b95318/ggml/src/ggml-cuda/quantize.cu
ggml/src/ggml-cuda/quantize.cuh	https://github.com/ggml-org/llama.cpp/blob/dd7cad7197f991b18ded6aca46ff095972b95318/ggml/src/ggml-cuda/quantize.cuh
ggml/src/ggml-cuda/rope.cu	https://github.com/ggml-org/llama.cpp/blob/dd7cad7197f991b18ded6aca46ff095972b95318/ggml/src/ggml-cuda/rope.cu
ggml/src/ggml-cuda/rope.cuh	https://github.com/ggml-org/llama.cpp/blob/dd7cad7197f991b18ded6aca46ff095972b95318/ggml/src/ggml-cuda/rope.cuh
ggml/src/ggml-cuda/softcap.cu	https://github.com/ggml-org/llama.cpp/blob/dd7cad7197f991b18ded6aca46ff095972b95318/ggml/src/ggml-cuda/softcap.cu
ggml/src/ggml-cuda/softcap.cuh	https://github.com/ggml-org/llama.cpp/blob/dd7cad7197f991b18ded6aca46ff095972b95318/ggml/src/ggml-cuda/softcap.cuh
ggml/src/ggml-cuda/template-instances/mmf-instance-ncols_1.cu	https://github.com/ggml-org/llama.cpp/blob/dd7cad7197f991b18ded6aca46ff095972b95318/ggml/src/ggml-cuda/template-instances/mmf-instance-ncols_1.cu
ggml/src/ggml-cuda/template-instances/mmf-instance-ncols_10.cu	https://github.com/ggml-org/llama.cpp/blob/dd7cad7197f991b18ded6aca46ff095972b95318/ggml/src/ggml-cuda/template-instances/mmf-instance-ncols_10.cu
ggml/src/ggml-cuda/template-instances/mmf-instance-ncols_11.cu	https://github.com/ggml-org/llama.cpp/blob/dd7cad7197f991b18ded6aca46ff095972b95318/ggml/src/ggml-cuda/template-instances/mmf-instance-ncols_11.cu
ggml/src/ggml-cuda/template-instances/mmf-instance-ncols_12.cu	https://github.com/ggml-org/llama.cpp/blob/dd7cad7197f991b18ded6aca46ff095972b95318/ggml/src/ggml-cuda/template-instances/mmf-instance-ncols_12.cu
ggml/src/ggml-cuda/template-instances/mmf-instance-ncols_13.cu	https://github.com/ggml-org/llama.cpp/blob/dd7cad7197f991b18ded6aca46ff095972b95318/ggml/src/ggml-cuda/template-instances/mmf-instance-ncols_13.cu
ggml/src/ggml-cuda/template-instances/mmf-instance-ncols_14.cu	https://github.com/ggml-org/llama.cpp/blob/dd7cad7197f991b18ded6aca46ff095972b95318/ggml/src/ggml-cuda/template-instances/mmf-instance-ncols_14.cu
ggml/src/ggml-cuda/template-instances/mmf-instance-ncols_15.cu	https://github.com/ggml-org/llama.cpp/blob/dd7cad7197f991b18ded6aca46ff095972b95318/ggml/src/ggml-cuda/template-instances/mmf-instance-ncols_15.cu
ggml/src/ggml-cuda/template-instances/mmf-instance-ncols_16.cu	https://github.com/ggml-org/llama.cpp/blob/dd7cad7197f991b18ded6aca46ff095972b95318/ggml/src/ggml-cuda/template-instances/mmf-instance-ncols_16.cu
ggml/src/ggml-cuda/template-instances/mmf-instance-ncols_2.cu	https://github.com/ggml-org/llama.cpp/blob/dd7cad7197f991b18ded6aca46ff095972b95318/ggml/src/ggml-cuda/template-instances/mmf-instance-ncols_2.cu
ggml/src/ggml-cuda/template-instances/mmf-instance-ncols_3.cu	https://github.com/ggml-org/llama.cpp/blob/dd7cad7197f991b18ded6aca46ff095972b95318/ggml/src/ggml-cuda/template-instances/mmf-instance-ncols_3.cu
ggml/src/ggml-cuda/template-instances/mmf-instance-ncols_4.cu	https://github.com/ggml-org/llama.cpp/blob/dd7cad7197f991b18ded6aca46ff095972b95318/ggml/src/ggml-cuda/template-instances/mmf-instance-ncols_4.cu
ggml/src/ggml-cuda/template-instances/mmf-instance-ncols_5.cu	https://github.com/ggml-org/llama.cpp/blob/dd7cad7197f991b18ded6aca46ff095972b95318/ggml/src/ggml-cuda/template-instances/mmf-instance-ncols_5.cu
ggml/src/ggml-cuda/template-instances/mmf-instance-ncols_6.cu	https://github.com/ggml-org/llama.cpp/blob/dd7cad7197f991b18ded6aca46ff095972b95318/ggml/src/ggml-cuda/template-instances/mmf-instance-ncols_6.cu
ggml/src/ggml-cuda/template-instances/mmf-instance-ncols_7.cu	https://github.com/ggml-org/llama.cpp/blob/dd7cad7197f991b18ded6aca46ff095972b95318/ggml/src/ggml-cuda/template-instances/mmf-instance-ncols_7.cu
ggml/src/ggml-cuda/template-instances/mmf-instance-ncols_8.cu	https://github.com/ggml-org/llama.cpp/blob/dd7cad7197f991b18ded6aca46ff095972b95318/ggml/src/ggml-cuda/template-instances/mmf-instance-ncols_8.cu
ggml/src/ggml-cuda/template-instances/mmf-instance-ncols_9.cu	https://github.com/ggml-org/llama.cpp/blob/dd7cad7197f991b18ded6aca46ff095972b95318/ggml/src/ggml-cuda/template-instances/mmf-instance-ncols_9.cu
ggml/src/ggml-cuda/template-instances/mmq-instance-iq1_s.cu	https://github.com/ggml-org/llama.cpp/blob/dd7cad7197f991b18ded6aca46ff095972b95318/ggml/src/ggml-cuda/template-instances/mmq-instance-iq1_s.cu
ggml/src/ggml-cuda/template-instances/mmq-instance-iq2_s.cu	https://github.com/ggml-org/llama.cpp/blob/dd7cad7197f991b18ded6aca46ff095972b95318/ggml/src/ggml-cuda/template-instances/mmq-instance-iq2_s.cu
ggml/src/ggml-cuda/template-instances/mmq-instance-iq2_xs.cu	https://github.com/ggml-org/llama.cpp/blob/dd7cad7197f991b18ded6aca46ff095972b95318/ggml/src/ggml-cuda/template-instances/mmq-instance-iq2_xs.cu
ggml/src/ggml-cuda/template-instances/mmq-instance-iq2_xxs.cu	https://github.com/ggml-org/llama.cpp/blob/dd7cad7197f991b18ded6aca46ff095972b95318/ggml/src/ggml-cuda/template-instances/mmq-instance-iq2_xxs.cu
ggml/src/ggml-cuda/template-instances/mmq-instance-iq3_s.cu	https://github.com/ggml-org/llama.cpp/blob/dd7cad7197f991b18ded6aca46ff095972b95318/ggml/src/ggml-cuda/template-instances/mmq-instance-iq3_s.cu
ggml/src/ggml-cuda/template-instances/mmq-instance-iq3_xxs.cu	https://github.com/ggml-org/llama.cpp/blob/dd7cad7197f991b18ded6aca46ff095972b95318/ggml/src/ggml-cuda/template-instances/mmq-instance-iq3_xxs.cu
ggml/src/ggml-cuda/template-instances/mmq-instance-iq4_nl.cu	https://github.com/ggml-org/llama.cpp/blob/dd7cad7197f991b18ded6aca46ff095972b95318/ggml/src/ggml-cuda/template-instances/mmq-instance-iq4_nl.cu
ggml/src/ggml-cuda/template-instances/mmq-instance-iq4_xs.cu	https://github.com/ggml-org/llama.cpp/blob/dd7cad7197f991b18ded6aca46ff095972b95318/ggml/src/ggml-cuda/template-instances/mmq-instance-iq4_xs.cu
ggml/src/ggml-cuda/template-instances/mmq-instance-mxfp4.cu	https://github.com/ggml-org/llama.cpp/blob/dd7cad7197f991b18ded6aca46ff095972b95318/ggml/src/ggml-cuda/template-instances/mmq-instance-mxfp4.cu
ggml/src/ggml-cuda/template-instances/mmq-instance-nvfp4.cu	https://github.com/ggml-org/llama.cpp/blob/dd7cad7197f991b18ded6aca46ff095972b95318/ggml/src/ggml-cuda/template-instances/mmq-instance-nvfp4.cu
ggml/src/ggml-cuda/template-instances/mmq-instance-q1_0.cu	https://github.com/ggml-org/llama.cpp/blob/dd7cad7197f991b18ded6aca46ff095972b95318/ggml/src/ggml-cuda/template-instances/mmq-instance-q1_0.cu
ggml/src/ggml-cuda/template-instances/mmq-instance-q2_k.cu	https://github.com/ggml-org/llama.cpp/blob/dd7cad7197f991b18ded6aca46ff095972b95318/ggml/src/ggml-cuda/template-instances/mmq-instance-q2_k.cu
ggml/src/ggml-cuda/template-instances/mmq-instance-q3_k.cu	https://github.com/ggml-org/llama.cpp/blob/dd7cad7197f991b18ded6aca46ff095972b95318/ggml/src/ggml-cuda/template-instances/mmq-instance-q3_k.cu
ggml/src/ggml-cuda/template-instances/mmq-instance-q4_0.cu	https://github.com/ggml-org/llama.cpp/blob/dd7cad7197f991b18ded6aca46ff095972b95318/ggml/src/ggml-cuda/template-instances/mmq-instance-q4_0.cu
ggml/src/ggml-cuda/template-instances/mmq-instance-q4_1.cu	https://github.com/ggml-org/llama.cpp/blob/dd7cad7197f991b18ded6aca46ff095972b95318/ggml/src/ggml-cuda/template-instances/mmq-instance-q4_1.cu
ggml/src/ggml-cuda/template-instances/mmq-instance-q4_k.cu	https://github.com/ggml-org/llama.cpp/blob/dd7cad7197f991b18ded6aca46ff095972b95318/ggml/src/ggml-cuda/template-instances/mmq-instance-q4_k.cu
ggml/src/ggml-cuda/template-instances/mmq-instance-q5_0.cu	https://github.com/ggml-org/llama.cpp/blob/dd7cad7197f991b18ded6aca46ff095972b95318/ggml/src/ggml-cuda/template-instances/mmq-instance-q5_0.cu
ggml/src/ggml-cuda/template-instances/mmq-instance-q5_1.cu	https://github.com/ggml-org/llama.cpp/blob/dd7cad7197f991b18ded6aca46ff095972b95318/ggml/src/ggml-cuda/template-instances/mmq-instance-q5_1.cu
ggml/src/ggml-cuda/template-instances/mmq-instance-q5_k.cu	https://github.com/ggml-org/llama.cpp/blob/dd7cad7197f991b18ded6aca46ff095972b95318/ggml/src/ggml-cuda/template-instances/mmq-instance-q5_k.cu
ggml/src/ggml-cuda/template-instances/mmq-instance-q6_k.cu	https://github.com/ggml-org/llama.cpp/blob/dd7cad7197f991b18ded6aca46ff095972b95318/ggml/src/ggml-cuda/template-instances/mmq-instance-q6_k.cu
ggml/src/ggml-cuda/template-instances/mmq-instance-q8_0.cu	https://github.com/ggml-org/llama.cpp/blob/dd7cad7197f991b18ded6aca46ff095972b95318/ggml/src/ggml-cuda/template-instances/mmq-instance-q8_0.cu
ggml/src/ggml-cuda/vecdotq.cuh	https://github.com/ggml-org/llama.cpp/blob/dd7cad7197f991b18ded6aca46ff095972b95318/ggml/src/ggml-cuda/vecdotq.cuh
ggml/src/ggml-opencl/CMakeLists.txt	https://github.com/ggml-org/llama.cpp/blob/dd7cad7197f991b18ded6aca46ff095972b95318/ggml/src/ggml-opencl/CMakeLists.txt
ggml/src/ggml-opencl/kernels/gemm_moe_mxfp4_f32.cl	https://github.com/ggml-org/llama.cpp/blob/dd7cad7197f991b18ded6aca46ff095972b95318/ggml/src/ggml-opencl/kernels/gemm_moe_mxfp4_f32.cl
ggml/src/ggml-opencl/kernels/gemm_moe_mxfp4_f32_ns.cl	https://github.com/ggml-org/llama.cpp/blob/dd7cad7197f991b18ded6aca46ff095972b95318/ggml/src/ggml-opencl/kernels/gemm_moe_mxfp4_f32_ns.cl
ggml/src/ggml-opencl/kernels/gemm_moe_q4_0_f32_ns.cl	https://github.com/ggml-org/llama.cpp/blob/dd7cad7197f991b18ded6aca46ff095972b95318/ggml/src/ggml-opencl/kernels/gemm_moe_q4_0_f32_ns.cl
ggml/src/ggml-opencl/kernels/gemm_moe_q4_1_f32_ns.cl	https://github.com/ggml-org/llama.cpp/blob/dd7cad7197f991b18ded6aca46ff095972b95318/ggml/src/ggml-opencl/kernels/gemm_moe_q4_1_f32_ns.cl
ggml/src/ggml-opencl/kernels/gemm_moe_q5_0_f32_ns.cl	https://github.com/ggml-org/llama.cpp/blob/dd7cad7197f991b18ded6aca46ff095972b95318/ggml/src/ggml-opencl/kernels/gemm_moe_q5_0_f32_ns.cl
ggml/src/ggml-opencl/kernels/gemm_moe_q5_1_f32_ns.cl	https://github.com/ggml-org/llama.cpp/blob/dd7cad7197f991b18ded6aca46ff095972b95318/ggml/src/ggml-opencl/kernels/gemm_moe_q5_1_f32_ns.cl
ggml/src/ggml-opencl/kernels/gemm_noshuffle_iq4_nl_f32.cl	https://github.com/ggml-org/llama.cpp/blob/dd7cad7197f991b18ded6aca46ff095972b95318/ggml/src/ggml-opencl/kernels/gemm_noshuffle_iq4_nl_f32.cl
ggml/src/ggml-opencl/kernels/gemm_noshuffle_q4_0_f32.cl	https://github.com/ggml-org/llama.cpp/blob/dd7cad7197f991b18ded6aca46ff095972b95318/ggml/src/ggml-opencl/kernels/gemm_noshuffle_q4_0_f32.cl
ggml/src/ggml-opencl/kernels/gemm_noshuffle_q4_1_f32.cl	https://github.com/ggml-org/llama.cpp/blob/dd7cad7197f991b18ded6aca46ff095972b95318/ggml/src/ggml-opencl/kernels/gemm_noshuffle_q4_1_f32.cl
ggml/src/ggml-opencl/kernels/gemm_noshuffle_q4_k_f32.cl	https://github.com/ggml-org/llama.cpp/blob/dd7cad7197f991b18ded6aca46ff095972b95318/ggml/src/ggml-opencl/kernels/gemm_noshuffle_q4_k_f32.cl
ggml/src/ggml-opencl/kernels/gemm_noshuffle_q5_k_f32.cl	https://github.com/ggml-org/llama.cpp/blob/dd7cad7197f991b18ded6aca46ff095972b95318/ggml/src/ggml-opencl/kernels/gemm_noshuffle_q5_k_f32.cl
ggml/src/ggml-opencl/kernels/gemm_noshuffle_q6_k_f32.cl	https://github.com/ggml-org/llama.cpp/blob/dd7cad7197f991b18ded6aca46ff095972b95318/ggml/src/ggml-opencl/kernels/gemm_noshuffle_q6_k_f32.cl
ggml/src/ggml-opencl/kernels/gemm_noshuffle_q8_0_f32.cl	https://github.com/ggml-org/llama.cpp/blob/dd7cad7197f991b18ded6aca46ff095972b95318/ggml/src/ggml-opencl/kernels/gemm_noshuffle_q8_0_f32.cl
ggml/src/ggml-opencl/kernels/gemm_xmem_f16_f32_os8.cl	https://github.com/ggml-org/llama.cpp/blob/dd7cad7197f991b18ded6aca46ff095972b95318/ggml/src/ggml-opencl/kernels/gemm_xmem_f16_f32_os8.cl
ggml/src/ggml-opencl/kernels/gemv_moe_mxfp4_f32.cl	https://github.com/ggml-org/llama.cpp/blob/dd7cad7197f991b18ded6aca46ff095972b95318/ggml/src/ggml-opencl/kernels/gemv_moe_mxfp4_f32.cl
ggml/src/ggml-opencl/kernels/gemv_moe_mxfp4_f32_ns.cl	https://github.com/ggml-org/llama.cpp/blob/dd7cad7197f991b18ded6aca46ff095972b95318/ggml/src/ggml-opencl/kernels/gemv_moe_mxfp4_f32_ns.cl
ggml/src/ggml-opencl/kernels/gemv_moe_q4_0_f32_ns.cl	https://github.com/ggml-org/llama.cpp/blob/dd7cad7197f991b18ded6aca46ff095972b95318/ggml/src/ggml-opencl/kernels/gemv_moe_q4_0_f32_ns.cl
ggml/src/ggml-opencl/kernels/gemv_moe_q4_1_f32_ns.cl	https://github.com/ggml-org/llama.cpp/blob/dd7cad7197f991b18ded6aca46ff095972b95318/ggml/src/ggml-opencl/kernels/gemv_moe_q4_1_f32_ns.cl
ggml/src/ggml-opencl/kernels/gemv_moe_q5_0_f32_ns.cl	https://github.com/ggml-org/llama.cpp/blob/dd7cad7197f991b18ded6aca46ff095972b95318/ggml/src/ggml-opencl/kernels/gemv_moe_q5_0_f32_ns.cl
ggml/src/ggml-opencl/kernels/gemv_moe_q5_1_f32_ns.cl	https://github.com/ggml-org/llama.cpp/blob/dd7cad7197f991b18ded6aca46ff095972b95318/ggml/src/ggml-opencl/kernels/gemv_moe_q5_1_f32_ns.cl
ggml/src/ggml-opencl/kernels/gemv_noshuffle_iq4_nl_f32.cl	https://github.com/ggml-org/llama.cpp/blob/dd7cad7197f991b18ded6aca46ff095972b95318/ggml/src/ggml-opencl/kernels/gemv_noshuffle_iq4_nl_f32.cl
ggml/src/ggml-opencl/kernels/gemv_noshuffle_q4_0_f32.cl	https://github.com/ggml-org/llama.cpp/blob/dd7cad7197f991b18ded6aca46ff095972b95318/ggml/src/ggml-opencl/kernels/gemv_noshuffle_q4_0_f32.cl
ggml/src/ggml-opencl/kernels/gemv_noshuffle_q4_0_f32_spec.cl	https://github.com/ggml-org/llama.cpp/blob/dd7cad7197f991b18ded6aca46ff095972b95318/ggml/src/ggml-opencl/kernels/gemv_noshuffle_q4_0_f32_spec.cl
ggml/src/ggml-opencl/kernels/gemv_noshuffle_q4_1_f32.cl	https://github.com/ggml-org/llama.cpp/blob/dd7cad7197f991b18ded6aca46ff095972b95318/ggml/src/ggml-opencl/kernels/gemv_noshuffle_q4_1_f32.cl
ggml/src/ggml-opencl/kernels/gemv_noshuffle_q4_k_f32.cl	https://github.com/ggml-org/llama.cpp/blob/dd7cad7197f991b18ded6aca46ff095972b95318/ggml/src/ggml-opencl/kernels/gemv_noshuffle_q4_k_f32.cl
ggml/src/ggml-opencl/kernels/gemv_noshuffle_q5_k_f32.cl	https://github.com/ggml-org/llama.cpp/blob/dd7cad7197f991b18ded6aca46ff095972b95318/ggml/src/ggml-opencl/kernels/gemv_noshuffle_q5_k_f32.cl
ggml/src/ggml-opencl/kernels/gemv_noshuffle_q6_k_f32.cl	https://github.com/ggml-org/llama.cpp/blob/dd7cad7197f991b18ded6aca46ff095972b95318/ggml/src/ggml-opencl/kernels/gemv_noshuffle_q6_k_f32.cl
ggml/src/ggml-opencl/kernels/gemv_noshuffle_q8_0_f32.cl	https://github.com/ggml-org/llama.cpp/blob/dd7cad7197f991b18ded6aca46ff095972b95318/ggml/src/ggml-opencl/kernels/gemv_noshuffle_q8_0_f32.cl
ggml/src/ggml-opencl/kernels/mul_mat_f16_f32.cl	https://github.com/ggml-org/llama.cpp/blob/dd7cad7197f991b18ded6aca46ff095972b95318/ggml/src/ggml-opencl/kernels/mul_mat_f16_f32.cl
ggml/src/ggml-sycl/dequantize.hpp	https://github.com/ggml-org/llama.cpp/blob/dd7cad7197f991b18ded6aca46ff095972b95318/ggml/src/ggml-sycl/dequantize.hpp
ggml/src/ggml-sycl/gemm.hpp	https://github.com/ggml-org/llama.cpp/blob/dd7cad7197f991b18ded6aca46ff095972b95318/ggml/src/ggml-sycl/gemm.hpp
ggml/src/ggml-sycl/mmq.cpp	https://github.com/ggml-org/llama.cpp/blob/dd7cad7197f991b18ded6aca46ff095972b95318/ggml/src/ggml-sycl/mmq.cpp
ggml/src/ggml-sycl/mmq.hpp	https://github.com/ggml-org/llama.cpp/blob/dd7cad7197f991b18ded6aca46ff095972b95318/ggml/src/ggml-sycl/mmq.hpp
ggml/src/ggml-sycl/mmvq.cpp	https://github.com/ggml-org/llama.cpp/blob/dd7cad7197f991b18ded6aca46ff095972b95318/ggml/src/ggml-sycl/mmvq.cpp
ggml/src/ggml-sycl/mmvq.hpp	https://github.com/ggml-org/llama.cpp/blob/dd7cad7197f991b18ded6aca46ff095972b95318/ggml/src/ggml-sycl/mmvq.hpp
ggml/src/ggml-sycl/quantize.hpp	https://github.com/ggml-org/llama.cpp/blob/dd7cad7197f991b18ded6aca46ff095972b95318/ggml/src/ggml-sycl/quantize.hpp
ggml/src/ggml-sycl/vecdotq.hpp	https://github.com/ggml-org/llama.cpp/blob/dd7cad7197f991b18ded6aca46ff095972b95318/ggml/src/ggml-sycl/vecdotq.hpp
ggml/src/ggml-vulkan/vulkan-shaders/mul_mat_split_k_reduce.comp	https://github.com/ggml-org/llama.cpp/blob/dd7cad7197f991b18ded6aca46ff095972b95318/ggml/src/ggml-vulkan/vulkan-shaders/mul_mat_split_k_reduce.comp
ggml/src/ggml-vulkan/vulkan-shaders/mul_mat_vec.comp	https://github.com/ggml-org/llama.cpp/blob/dd7cad7197f991b18ded6aca46ff095972b95318/ggml/src/ggml-vulkan/vulkan-shaders/mul_mat_vec.comp
ggml/src/ggml-vulkan/vulkan-shaders/mul_mat_vec_base.glsl	https://github.com/ggml-org/llama.cpp/blob/dd7cad7197f991b18ded6aca46ff095972b95318/ggml/src/ggml-vulkan/vulkan-shaders/mul_mat_vec_base.glsl
ggml/src/ggml-vulkan/vulkan-shaders/mul_mat_vec_iface.glsl	https://github.com/ggml-org/llama.cpp/blob/dd7cad7197f991b18ded6aca46ff095972b95318/ggml/src/ggml-vulkan/vulkan-shaders/mul_mat_vec_iface.glsl
ggml/src/ggml-vulkan/vulkan-shaders/mul_mat_vec_iq1_m.comp	https://github.com/ggml-org/llama.cpp/blob/dd7cad7197f991b18ded6aca46ff095972b95318/ggml/src/ggml-vulkan/vulkan-shaders/mul_mat_vec_iq1_m.comp
ggml/src/ggml-vulkan/vulkan-shaders/mul_mat_vec_iq1_s.comp	https://github.com/ggml-org/llama.cpp/blob/dd7cad7197f991b18ded6aca46ff095972b95318/ggml/src/ggml-vulkan/vulkan-shaders/mul_mat_vec_iq1_s.comp
ggml/src/ggml-vulkan/vulkan-shaders/mul_mat_vec_iq2_s.comp	https://github.com/ggml-org/llama.cpp/blob/dd7cad7197f991b18ded6aca46ff095972b95318/ggml/src/ggml-vulkan/vulkan-shaders/mul_mat_vec_iq2_s.comp
ggml/src/ggml-vulkan/vulkan-shaders/mul_mat_vec_iq2_xs.comp	https://github.com/ggml-org/llama.cpp/blob/dd7cad7197f991b18ded6aca46ff095972b95318/ggml/src/ggml-vulkan/vulkan-shaders/mul_mat_vec_iq2_xs.comp
ggml/src/ggml-vulkan/vulkan-shaders/mul_mat_vec_iq2_xxs.comp	https://github.com/ggml-org/llama.cpp/blob/dd7cad7197f991b18ded6aca46ff095972b95318/ggml/src/ggml-vulkan/vulkan-shaders/mul_mat_vec_iq2_xxs.comp
ggml/src/ggml-vulkan/vulkan-shaders/mul_mat_vec_iq3_s.comp	https://github.com/ggml-org/llama.cpp/blob/dd7cad7197f991b18ded6aca46ff095972b95318/ggml/src/ggml-vulkan/vulkan-shaders/mul_mat_vec_iq3_s.comp
ggml/src/ggml-vulkan/vulkan-shaders/mul_mat_vec_iq3_xxs.comp	https://github.com/ggml-org/llama.cpp/blob/dd7cad7197f991b18ded6aca46ff095972b95318/ggml/src/ggml-vulkan/vulkan-shaders/mul_mat_vec_iq3_xxs.comp
ggml/src/ggml-vulkan/vulkan-shaders/mul_mat_vec_nc.comp	https://github.com/ggml-org/llama.cpp/blob/dd7cad7197f991b18ded6aca46ff095972b95318/ggml/src/ggml-vulkan/vulkan-shaders/mul_mat_vec_nc.comp
ggml/src/ggml-vulkan/vulkan-shaders/mul_mat_vec_p021.comp	https://github.com/ggml-org/llama.cpp/blob/dd7cad7197f991b18ded6aca46ff095972b95318/ggml/src/ggml-vulkan/vulkan-shaders/mul_mat_vec_p021.comp
ggml/src/ggml-vulkan/vulkan-shaders/mul_mat_vec_q2_k.comp	https://github.com/ggml-org/llama.cpp/blob/dd7cad7197f991b18ded6aca46ff095972b95318/ggml/src/ggml-vulkan/vulkan-shaders/mul_mat_vec_q2_k.comp
ggml/src/ggml-vulkan/vulkan-shaders/mul_mat_vec_q3_k.comp	https://github.com/ggml-org/llama.cpp/blob/dd7cad7197f991b18ded6aca46ff095972b95318/ggml/src/ggml-vulkan/vulkan-shaders/mul_mat_vec_q3_k.comp
ggml/src/ggml-vulkan/vulkan-shaders/mul_mat_vec_q4_k.comp	https://github.com/ggml-org/llama.cpp/blob/dd7cad7197f991b18ded6aca46ff095972b95318/ggml/src/ggml-vulkan/vulkan-shaders/mul_mat_vec_q4_k.comp
ggml/src/ggml-vulkan/vulkan-shaders/mul_mat_vec_q5_k.comp	https://github.com/ggml-org/llama.cpp/blob/dd7cad7197f991b18ded6aca46ff095972b95318/ggml/src/ggml-vulkan/vulkan-shaders/mul_mat_vec_q5_k.comp
ggml/src/ggml-vulkan/vulkan-shaders/mul_mat_vec_q6_k.comp	https://github.com/ggml-org/llama.cpp/blob/dd7cad7197f991b18ded6aca46ff095972b95318/ggml/src/ggml-vulkan/vulkan-shaders/mul_mat_vec_q6_k.comp
ggml/src/ggml-vulkan/vulkan-shaders/mul_mat_vecq.comp	https://github.com/ggml-org/llama.cpp/blob/dd7cad7197f991b18ded6aca46ff095972b95318/ggml/src/ggml-vulkan/vulkan-shaders/mul_mat_vecq.comp
ggml/src/ggml-vulkan/vulkan-shaders/mul_mat_vecq_funcs.glsl	https://github.com/ggml-org/llama.cpp/blob/dd7cad7197f991b18ded6aca46ff095972b95318/ggml/src/ggml-vulkan/vulkan-shaders/mul_mat_vecq_funcs.glsl
ggml/src/ggml-webgpu/wgsl-shaders/mul_mat.wgsl	https://github.com/ggml-org/llama.cpp/blob/dd7cad7197f991b18ded6aca46ff095972b95318/ggml/src/ggml-webgpu/wgsl-shaders/mul_mat.wgsl
ggml/src/ggml-webgpu/wgsl-shaders/mul_mat_decls.tmpl	https://github.com/ggml-org/llama.cpp/blob/dd7cad7197f991b18ded6aca46ff095972b95318/ggml/src/ggml-webgpu/wgsl-shaders/mul_mat_decls.tmpl
ggml/src/ggml-webgpu/wgsl-shaders/mul_mat_id.wgsl	https://github.com/ggml-org/llama.cpp/blob/dd7cad7197f991b18ded6aca46ff095972b95318/ggml/src/ggml-webgpu/wgsl-shaders/mul_mat_id.wgsl
ggml/src/ggml-webgpu/wgsl-shaders/mul_mat_id_gather.wgsl	https://github.com/ggml-org/llama.cpp/blob/dd7cad7197f991b18ded6aca46ff095972b95318/ggml/src/ggml-webgpu/wgsl-shaders/mul_mat_id_gather.wgsl
ggml/src/ggml-webgpu/wgsl-shaders/mul_mat_id_vec.wgsl	https://github.com/ggml-org/llama.cpp/blob/dd7cad7197f991b18ded6aca46ff095972b95318/ggml/src/ggml-webgpu/wgsl-shaders/mul_mat_id_vec.wgsl
ggml/src/ggml-webgpu/wgsl-shaders/mul_mat_reg_tile.wgsl	https://github.com/ggml-org/llama.cpp/blob/dd7cad7197f991b18ded6aca46ff095972b95318/ggml/src/ggml-webgpu/wgsl-shaders/mul_mat_reg_tile.wgsl
ggml/src/ggml-webgpu/wgsl-shaders/mul_mat_subgroup_matrix.wgsl	https://github.com/ggml-org/llama.cpp/blob/dd7cad7197f991b18ded6aca46ff095972b95318/ggml/src/ggml-webgpu/wgsl-shaders/mul_mat_subgroup_matrix.wgsl
ggml/src/ggml-webgpu/wgsl-shaders/mul_mat_vec.wgsl	https://github.com/ggml-org/llama.cpp/blob/dd7cad7197f991b18ded6aca46ff095972b95318/ggml/src/ggml-webgpu/wgsl-shaders/mul_mat_vec.wgsl
ggml/src/ggml-webgpu/wgsl-shaders/mul_mat_vec_acc.tmpl	https://github.com/ggml-org/llama.cpp/blob/dd7cad7197f991b18ded6aca46ff095972b95318/ggml/src/ggml-webgpu/wgsl-shaders/mul_mat_vec_acc.tmpl
ggml/src/ggml-zdnn/mmf.cpp	https://github.com/ggml-org/llama.cpp/blob/dd7cad7197f991b18ded6aca46ff095972b95318/ggml/src/ggml-zdnn/mmf.cpp
ggml/src/ggml-zdnn/mmf.hpp	https://github.com/ggml-org/llama.cpp/blob/dd7cad7197f991b18ded6aca46ff095972b95318/ggml/src/ggml-zdnn/mmf.hpp
gguf-py/gguf/constants.py	https://github.com/ggml-org/llama.cpp/blob/dd7cad7197f991b18ded6aca46ff095972b95318/gguf-py/gguf/constants.py
gguf-py/gguf/tensor_mapping.py	https://github.com/ggml-org/llama.cpp/blob/dd7cad7197f991b18ded6aca46ff095972b95318/gguf-py/gguf/tensor_mapping.py
models/ggml-vocab-gemma-4.gguf	https://github.com/ggml-org/llama.cpp/blob/dd7cad7197f991b18ded6aca46ff095972b95318/models/ggml-vocab-gemma-4.gguf
models/ggml-vocab-gemma-4.gguf.inp	https://github.com/ggml-org/llama.cpp/blob/dd7cad7197f991b18ded6aca46ff095972b95318/models/ggml-vocab-gemma-4.gguf.inp
models/ggml-vocab-gemma-4.gguf.out	https://github.com/ggml-org/llama.cpp/blob/dd7cad7197f991b18ded6aca46ff095972b95318/models/ggml-vocab-gemma-4.gguf.out
models/templates/google-gemma-4-31B-it-interleaved.jinja	https://github.com/ggml-org/llama.cpp/blob/dd7cad7197f991b18ded6aca46ff095972b95318/models/templates/google-gemma-4-31B-it-interleaved.jinja
models/templates/google-gemma-4-31B-it.jinja	https://github.com/ggml-org/llama.cpp/blob/dd7cad7197f991b18ded6aca46ff095972b95318/models/templates/google-gemma-4-31B-it.jinja
src/llama-arch.cpp	https://github.com/ggml-org/llama.cpp/blob/dd7cad7197f991b18ded6aca46ff095972b95318/src/llama-arch.cpp
src/llama-arch.h	https://github.com/ggml-org/llama.cpp/blob/dd7cad7197f991b18ded6aca46ff095972b95318/src/llama-arch.h
src/llama-graph.cpp	https://github.com/ggml-org/llama.cpp/blob/dd7cad7197f991b18ded6aca46ff095972b95318/src/llama-graph.cpp
src/llama-hparams.h	https://github.com/ggml-org/llama.cpp/blob/dd7cad7197f991b18ded6aca46ff095972b95318/src/llama-hparams.h
src/llama-model.cpp	https://github.com/ggml-org/llama.cpp/blob/dd7cad7197f991b18ded6aca46ff095972b95318/src/llama-model.cpp
src/llama-model.h	https://github.com/ggml-org/llama.cpp/blob/dd7cad7197f991b18ded6aca46ff095972b95318/src/llama-model.h
src/llama-vocab.cpp	https://github.com/ggml-org/llama.cpp/blob/dd7cad7197f991b18ded6aca46ff095972b95318/src/llama-vocab.cpp
src/llama-vocab.h	https://github.com/ggml-org/llama.cpp/blob/dd7cad7197f991b18ded6aca46ff095972b95318/src/llama-vocab.h
src/models/gemma4.cpp	https://github.com/ggml-org/llama.cpp/blob/dd7cad7197f991b18ded6aca46ff095972b95318/src/models/gemma4.cpp
src/models/models.h	https://github.com/ggml-org/llama.cpp/blob/dd7cad7197f991b18ded6aca46ff095972b95318/src/models/models.h
tests/CMakeLists.txt	https://github.com/ggml-org/llama.cpp/blob/dd7cad7197f991b18ded6aca46ff095972b95318/tests/CMakeLists.txt
tests/test-chat.cpp	https://github.com/ggml-org/llama.cpp/blob/dd7cad7197f991b18ded6aca46ff095972b95318/tests/test-chat.cpp
tests/test-llama-archs.cpp	https://github.com/ggml-org/llama.cpp/blob/dd7cad7197f991b18ded6aca46ff095972b95318/tests/test-llama-archs.cpp
tools/mtmd/clip-impl.h	https://github.com/ggml-org/llama.cpp/blob/dd7cad7197f991b18ded6aca46ff095972b95318/tools/mtmd/clip-impl.h
tools/mtmd/clip-model.h	https://github.com/ggml-org/llama.cpp/blob/dd7cad7197f991b18ded6aca46ff095972b95318/tools/mtmd/clip-model.h
tools/mtmd/clip.cpp	https://github.com/ggml-org/llama.cpp/blob/dd7cad7197f991b18ded6aca46ff095972b95318/tools/mtmd/clip.cpp
tools/mtmd/models/gemma4a.cpp	https://github.com/ggml-org/llama.cpp/blob/dd7cad7197f991b18ded6aca46ff095972b95318/tools/mtmd/models/gemma4a.cpp
tools/mtmd/models/gemma4v.cpp	https://github.com/ggml-org/llama.cpp/blob/dd7cad7197f991b18ded6aca46ff095972b95318/tools/mtmd/models/gemma4v.cpp
